{
    "Topografie": [
        {
            "vraag": "Wat is de hoofdstad van Australië?",
            "opties": ["Sydney", "Melbourne", "Canberra", "Brisbane"],
            "antwoord": "Canberra",
            "image": "quiz-images-topografie/apple.webp"
        },
        {
            "vraag": "Welke rivier stroomt door Parijs?",
            "opties": ["De Rijn", "De Seine", "De Theems", "De Tiber"],
            "antwoord": "De Seine",
            "image": "/quiz-images-topografie/australia.webp"
        },
        {
            "vraag": "In welk land ligt de stad Barcelona?",
            "opties": ["Frankrijk", "Spanje", "Portugal", "Italië"],
            "antwoord": "Spanje",
            "image": "quiz-images-topografie/barcelona.jpeg"
        },
        {
            "vraag": "Welke twee landen worden gescheiden door de Pyreneeën?",
            "opties": ["Frankrijk en Spanje", "Spanje en Portugal", "Frankrijk en Italië", "Italië en Zwitserland"],
            "antwoord": "Frankrijk en Spanje",
            "image": "quiz-images-topografie/brazil.jpeg"
        },
        {
            "vraag": "Wat is de grootste woestijn ter wereld?",
            "opties": ["De Kalahari", "De Gobi", "De Sahara", "De Atacama"],
            "antwoord": "De Sahara",
            "image": "quiz-images-topografie/canada.jpeg"
        },
        {
            "vraag": "Welk land heeft de vorm van een laars?",
            "opties": ["Frankrijk", "Italië", "Spanje", "Griekenland"],
            "antwoord": "Italië",
            "image": "quiz-images-topografie/desert.webp"
        },
        {
            "vraag": "Welke stad staat bekend als 'The Big Apple'?",
            "opties": ["Los Angeles", "New York", "Chicago", "San Francisco"],
            "antwoord": "New York",
            "image": "quiz-images-topografie/florida.webp"
        },
        {
            "vraag": "In welk land vind je de stad Kyoto?",
            "opties": ["China", "Japan", "Zuid-Korea", "Vietnam"],
            "antwoord": "Japan",
            "image": "quiz-images-topografie/gekko.jpeg"
        },
        {
            "vraag": "Wat is de hoofdstad van Canada?",
            "opties": ["Toronto", "Vancouver", "Ottawa", "Montreal"],
            "antwoord": "Ottawa",
            "image": "quiz-images-topografie/germany.jpeg"
        },
        {
            "vraag": "Welke zee ligt tussen Afrika en Europa?",
            "opties": ["De Rode Zee", "De Middellandse Zee", "De Zwarte Zee", "De Arabische Zee"],
            "antwoord": "De Middellandse Zee",
            "image": "quiz-images-topografie/italy.jpeg"
        },
        {
            "vraag": "Wat is de kleinste onafhankelijke staat ter wereld?",
            "opties": ["Monaco", "San Marino", "Liechtenstein", "Vaticaanstad"],
            "antwoord": "Vaticaanstad",
            "image": "quiz-images-topografie/kyoto.jpeg"
        },
        {
            "vraag": "Welk land grenst zowel aan Zweden als aan Finland?",
            "opties": ["Denemarken", "Noorwegen", "Estland", "Letland"],
            "antwoord": "Noorwegen",
            "image": "quiz-images-topografie/park.jpeg"
        },
        {
            "vraag": "Welke stad is de hoofdstad van Brazilië?",
            "opties": ["Rio de Janeiro", "São Paulo", "Brasilia", "Salvador"],
            "antwoord": "Brasilia",
            "image": "quiz-images-topografie//weg.jpeg"
        },
        {
            "vraag": "Welke Amerikaanse staat heeft de bijnaam 'The Sunshine State'?",
            "opties": ["California", "Texas", "Florida", "Hawaii"],
            "antwoord": "Florida",
            "image": "quiz-images-topografie/zee.jpeg"
        },
        {
            "vraag": "Welk Europees land heeft de meeste buurlanden?",
            "opties": ["Frankrijk", "Duitsland", "Oostenrijk", "Zwitserland"],
            "antwoord": "Duitsland",
            "image": "quiz-images-topografie/zee.jpeg"
        }
    ],
    "Rekenen": [
        {
            "vraag": "Wat is 12 * 8?",
            "opties": ["96", "88", "104", "112"],
            "antwoord": "96",
            "image": "quiz-images-rekenen/1.jpeg"
        },
        {
            "vraag": "Als je 15 appels hebt en je geeft er 6 weg, hoeveel appels heb je dan nog?",
            "opties": ["7 appels", "9 appels", "8 appels", "10 appels"],
            "antwoord": "9 appels",
            "image": "quiz-images-rekenen/2.webp"
        },
        {
            "vraag": "Wat is de wortel van 144?",
            "opties": ["10", "11", "12", "13"],
            "antwoord": "12",
            "image": "quiz-images-rekenen/3.webp"
        },
        {
            "vraag": "Hoeveel zijden heeft een achthoek?",
            "opties": ["Zeven", "Acht", "Negen", "Tien"],
            "antwoord": "Acht",
            "image": "quiz-images-rekenen/4.jpeg"
        },
        {
            "vraag": "Wat is 25% van 200?",
            "opties": ["40", "45", "50", "55"],
            "antwoord": "50",
            "image": "quiz-images-rekenen/5.webp"
        },
        {
            "vraag": "Wat is 7 * 9?",
            "opties": ["61", "62", "63", "64"],
            "antwoord": "63",
            "image": "quiz-images-rekenen/6.jpeg"
        },
        {
            "vraag": "Als je 45 snoepjes hebt en je verdeelt ze gelijk over 5 kinderen, hoeveel krijgt elk kind?",
            "opties": ["8", "9", "10", "11"],
            "antwoord": "9",
            "image": "quiz-images-rekenen/7.webp"
        },
        {
            "vraag": "Wat is 100 gedeeld door 4?",
            "opties": ["20", "24", "25", "28"],
            "antwoord": "25",
            "image": "quiz-images-rekenen/8.jpeg"
        },
        {
            "vraag": "Wat is de som van de getallen 5, 8 en 12?",
            "opties": ["23", "24", "25", "26"],
            "antwoord": "25",
            "image": "quiz-images-rekenen/9.webp"
        },
        {
            "vraag": "Wat is het kwadraat van 11?",
            "opties": ["120", "121", "122", "123"],
            "antwoord": "121",
            "image": "quiz-images-rekenen/10.webp"
        },
        {
            "vraag": "Hoeveel minuten zitten er in drie en een half uur?",
            "opties": ["200 minuten", "210 minuten", "220 minuten", "230 minuten"],
            "antwoord": "210 minuten",
            "image": "quiz-images-rekenen/11.jpeg"
        },
        {
            "vraag": "Wat is 18 + 24?",
            "opties": ["40", "41", "42", "43"],
            "antwoord": "42",
            "image": "quiz-images-rekenen/12.jpeg"
        },
        {
            "vraag": "Wat is 10% van 300?",
            "opties": ["30", "31", "32", "33"],
            "antwoord": "30",
            "image": "quiz-images-rekenen/13.webp"
        },
        {
            "vraag": "Wat is het verschil tussen 72 en 58?",
            "opties": ["13", "14", "15", "16"],
            "antwoord": "14",
            "image": "quiz-images-rekenen/14.webp"
        },
        {
            "vraag": "Wat is 15 gedeeld door 3?",
            "opties": ["4", "5", "6", "7"],
            "antwoord": "5",
            "image": "quiz-images-rekenen/15.webp"
        }
    ],
    "Natuurkunde": [
        {
            "vraag": "Wat is de snelheid van het licht in vacuüm (ongeveer)?",
            "opties": ["200.000 km/s", "300.000 km/s", "400.000 km/s", "500.000 km/s"],
            "antwoord": "300.000 km/s",
            "image": "quiz-images-natuurkunde/1.jpg"
        },
        {
            "vraag": "Welke kracht zorgt ervoor dat we op de grond blijven staan?",
            "opties": ["Magnetische kracht", "Zwaartekracht", "Centrifugale kracht", "Elektromagnetische kracht"],
            "antwoord": "Zwaartekracht",
            "image": "quiz-images-natuurkunde/2.webp"
        },
        {
            "vraag": "Hoe wordt de eenheid van elektrische stroom genoemd?",
            "opties": ["Volt", "Watt", "Ampère", "Ohm"],
            "antwoord": "Ampère",
            "image": "quiz-images-natuurkunde/3.jpeg"
        },
        {
            "vraag": "Wat is de chemische formule voor water?",
            "opties": ["H₂O", "CO₂", "O₂", "CH₄"],
            "antwoord": "H₂O",
            "image": "quiz-images-natuurkunde/4.webp"
        },
        {
            "vraag": "Welk gas komt het meest voor in de aardatmosfeer?",
            "opties": ["Zuurstof", "Stikstof", "Koolstofdioxide", "Argon"],
            "antwoord": "Stikstof (N₂)",
            "image": "quiz-images-natuurkunde/5.webp"
        },
        {
            "vraag": "Wat is de eenheid van energie in het SI-systeem?",
            "opties": ["Joule", "Newton", "Watt", "Pascal"],
            "antwoord": "Joule",
            "image": "quiz-images-natuurkunde/6.webp"
        },
        {
            "vraag": "Welk element heeft het chemische symbool 'O'?",
            "opties": ["Goud", "Zuurstof", "Zink", "Osmium"],
            "antwoord": "Zuurstof",
            "image": "quiz-images-natuurkunde/7.webp"
        },
        {
            "vraag": "Hoe wordt warmte overgedragen door een vloeistof of gas?",
            "opties": ["Conductie", "Convectie", "Straling", "Verdamping"],
            "antwoord": "Convectie",
            "image": "quiz-images-natuurkunde/9.webp"
        },
        {
            "vraag": "Wat is de derde wet van Newton?",
            "opties": ["Voor elke actie is er een gelijke en tegengestelde reactie", "F = m * a", "E = mc²", "Het behoud van energie"],
            "antwoord": "Voor elke actie is er een gelijke en tegengestelde reactie",
            "image": "quiz-images-natuurkunde/9.webp"
        },
        {
            "vraag": "Wat is de eenheid van frequentie?",
            "opties": ["Joule", "Newton", "Hertz", "Watt"],
            "antwoord": "Hertz",
            "image": "quiz-images-natuurkunde/10.webp"
        },
        {
            "vraag": "Wat is de chemische formule van koolstofdioxide?",
            "opties": ["H₂O", "CO₂", "O₂", "CH₄"],
            "antwoord": "CO₂",
            "image": "quiz-images-natuurkunde/11.webp"
        },
        {
            "vraag": "Wat is de naam van het apparaat dat gebruikt wordt om elektrische spanning te meten?",
            "opties": ["Ampèremeter", "Wattmeter", "Voltmeter", "Ohmmeter"],
            "antwoord": "Voltmeter",
            "image": "quiz-images-natuurkunde/12.webp"
        },
        {
            "vraag": "Wat is de belangrijkste bron van energie voor de aarde?",
            "opties": ["De maan", "De zon", "De oceaan", "De wind"],
            "antwoord": "De zon",
            "image": "quiz-images-natuurkunde/13.webp"
        },
        {
            "vraag": "Welk element heeft het chemische symbool 'Fe'?",
            "opties": ["Zink", "IJzer", "Zilver", "Fosfor"],
            "antwoord": "IJzer",
            "image": "quiz-images-natuurkunde/14.webp"
        },
        {
            "vraag": "Hoe noem je de overgang van een vaste stof naar een vloeistof?",
            "opties": ["Sublimeren", "Verdampen", "Condensatie", "Smelten"],
            "antwoord": "Smelten",
            "image": "quiz-images-natuurkunde/15.jpeg"
        }
    ]
  }
  